Time,I(L7),I2,V2
1.0000000000000001e-05,1.3326668163018587,1.3326668162894073,99.90007447070721
2.0000000000000002e-05,2.6644454368219868,2.6644454368118797,99.800248792528564
3.0000000000000004e-05,3.995558280514599,3.9955582804840351,99.70049794031722
4.0000000000000003e-05,5.3257838162492526,5.3257838161790971,99.600846789586043
5.0000000000000002e-05,6.6551226354975253,6.6551226354238935,99.50129524068285
6.0000000000000002e-05,7.9835753293367224,7.983575329328918,99.401843194055147
7.0000000000000007e-05,9.3111424884501446,9.3111424884217975,99.302490550249885
8.0000000000000007e-05,10.637824703127349,10.637824703119136,99.203237209913482
9.0000000000000006e-05,11.963622563264408,11.963622563282428,99.1040830737916
0.0001,13.288536658364178,13.288536658273564,99.005028042729109
0.00011,14.612567577536554,14.61256757750995,98.906072017670013
0.00012,15.93571590949874,15.935715909520809,98.807214899657325
0.00013000000000000002,17.257982242575501,17.257982242502301,98.70845658983292
0.00014000000000000001,18.579367164699438,18.579367164650584,98.609796989437527
0.00015000000000000001,19.899871263411232,19.899871263384661,98.511235999810651
0.00016000000000000001,21.219495125859918,21.219495125679444,98.412773522390196
0.00017000000000000001,22.538239338803148,22.538239338842914,98.314409458712802
0.00018000000000000001,23.856104488607443,23.856104488517715,98.216143710413434
0.00019000000000000001,25.173091161248454,25.173091161123651,98.117976179225366
0.00020000000000000001,26.489199942311231,26.489199942192343,98.019906766980071
0.00021000000000000001,27.804431416990475,27.804431417033371,97.921935375607219
0.00022000000000000001,29.1187861700908,29.118786170068134,97.824061907134407
0.00023000000000000001,30.432264786026998,30.432264785940077,97.726286263687228
0.00024000000000000001,31.744867848824295,31.744867848626512,97.628608347489077
0.00025000000000000001,33.056595942118605,33.056595941882705,97.531028060861047
0.00026000000000000003,33.051932528860455,33.051932518901594,99.085050542729903
0.00027000000000000006,33.026587022894311,33.026587018980536,100.63651194140836
0.00028000000000000008,32.985765256275791,32.985765244575305,102.18540930114506
0.00029000000000000011,32.924352961744681,32.924352950658431,103.73020395592316
0.00030000000000000014,32.842425367200541,32.842425355283922,105.26987287428733
0.00031000000000000016,32.740071252143423,32.740071247872038,106.80339814544327
0.00032000000000000019,32.617392865922071,32.617392847100746,108.32976764933819
0.00033000000000000022,32.474505837138331,32.474505829327427,109.84797572176505
0.00034000000000000024,32.311539074282926,32.311539072793494,111.35702381405538
0.00035000000000000027,32.128634657683421,32.128634657624389,112.85592114692986
0.00036000000000000029,31.925947722850886,31.925947723721038,114.34368535808072
0.00037000000000000032,31.703646335317355,31.703646328651303,115.81934314306426
0.00038000000000000035,31.46191135706167,31.461911348173999,117.28193088908792
0.00039000000000000037,31.200936304626804,31.200936291497783,118.73049530128051
0.0004000000000000004,30.92092719903706,30.920927187594316,120.16409402104139
0.00041000000000000042,30.622102407628841,30.622102400457152,121.58179623606887
0.00042000000000000045,30.304692477913949,30.304692472782335,122.98268328167541
0.00043000000000000048,29.968939963599386,29.968939955438145,124.36584923300302
0.0004400000000000005,29.615099242892736,29.615099236934839,125.73040148775954
0.00045000000000000053,29.243436329227116,29.243436330261829,127.07546133910253
0.00046000000000000056,28.854228674544444,28.854228645514013,128.40016453830606
0.00047000000000000058,28.44776496528063,28.447764947259202,129.70366184685128
0.00048000000000000061,28.024344911200807,28.024344914001631,130.98511957759118
0.00049000000000000063,27.584279027237297,27.584279024495117,132.24372012464673
0.00050000000000000066,27.127888408487419,27.127888387212806,133.47866248169973
0.00051000000000000069,28.442475029681564,28.442475029422098,133.34528322172332
0.00052000000000000071,29.756185505182444,29.756185505158683,133.21203724167844
0.00053000000000000074,31.069239236402268,31.069239236236612,133.07889113833392
0.00054000000000000077,32.381417697707555,32.381417697457948,132.9458781151915
0.00055000000000000079,33.692721472545429,33.692721472355913,132.81299803923696
0.00056000000000000082,35.003151143974094,35.003151143797595,132.68025077758887
0.00057000000000000084,36.312707294663092,36.312707294428037,132.54763619749866
0.00058000000000000087,37.621390506893562,37.621390506892283,132.41515416635042
0.0005900000000000009,38.929201362558501,38.929201362503107,132.28280455166077
0.00060000000000000092,40.236140443163023,40.236140443017376,132.15058722107881
0.00061000000000000095,41.542208329824611,41.542208329747865,132.01850204238596
0.00062000000000000098,42.84740560327338,42.847405603119171,131.88654888349578
0.000630000000000001,44.151732843852344,44.151732843555891,131.75472761245373
0.00064000000000000103,45.455190631517659,45.455190631482623,131.62303809743725
0.00065000000000000105,46.757779545838886,46.757779545547606,131.49148020675554
0.00066000000000000108,48.059500165999253,48.05950016573135,131.36005380884939
0.00067000000000000111,49.36035307079591,49.360353070682095,131.22875877229109
0.00068000000000000113,50.660338838640179,50.660338838603991,131.09759496578437
0.00069000000000000116,51.959458047557831,51.95945804770119,130.96656225816409
0.00070000000000000119,53.257711275189322,53.257711274845576,130.83566051839631
0.00071000000000000121,54.555099098790059,54.555099098685389,130.70488961557791
0.00072000000000000124,55.851622095230653,55.851622095204334,130.5742494189368
0.00073000000000000126,57.147280840997176,57.147280840830206,130.4437397978314
0.00074000000000000129,58.442075912191434,58.442075911990798,130.31336062175083
0.00075000000000000132,59.736007884531197,59.736007884225728,130.18311176031469
0.00076000000000000134,59.265575357241993,59.265575345079924,133.02007471730658
0.00077000000000000137,58.75792480303388,58.757924790597826,135.82930283035219
0.0007800000000000014,58.222616739989476,58.22261672960849,138.61659276266727
0.00079000000000000142,57.650716976803146,57.650716968282723,141.37343042222869
0.00080000000000000145,57.042667710740702,57.042667719997553,144.09802862497622
0.00081000000000000147,56.398934502410199,56.398934503931741,146.78862465575457
0.0008200000000000015,55.720005926484674,55.720005917692106,149.44348140271237
0.00083000000000000153,55.00639320766377,55.006393182566171,152.06088847274339
0.00084000000000000155,54.258629842141524,54.258629830883365,154.63916328725762
0.00085000000000000158,53.47727120485682,53.477271166002538,157.17665215758512
0.00086000000000000161,52.662894142811979,52.662894120203418,159.67173133932877
0.00087000000000000163,51.816096554753827,51.816096544143875,162.12280806499896
0.00088000000000000166,50.937496957520182,50.937496951064531,164.52832155427697
0.00089000000000000168,50.027734039363033,50.027734033619708,166.88674400127215
0.00090000000000000171,49.08746620056791,49.087466180708361,169.19658153815098
0.00091000000000000174,48.117371081696803,48.117371079570148,171.45637517453767
0.00092000000000000176,47.118145079789805,47.118145062086114,173.66470171209764
0.00093000000000000179,46.090502852868042,46.090502820561596,175.82017463373725
0.00094000000000000182,45.035176813087659,45.035176782448616,177.92144496686879
0.00095000000000000184,43.952916608901731,43.95291659875511,179.96720212020799
0.00096000000000000187,42.844488596593571,42.844488604032449,181.9561746935909
0.00097000000000000189,41.710675301551468,41.710675304784672,183.88713126031504
0.00098000000000000192,40.552274869661055,40.552274839456004,185.75888112152802
0.00099000000000000195,39.37010050919757,39.370100495261795,187.57027503220925
0.001000000000000002,38.164979923605841,38.164979912380659,189.32020589830597
0.001010000000000002,39.472210544029664,39.472210543678443,189.13102668050576
0.001020000000000002,40.778569921387614,40.778569921240404,188.94203650104035
0.0010300000000000021,42.084276229392707,42.084276229203965,188.7531879822503
0.0010400000000000021,43.389112165210094,43.389112164948784,188.56452821850763
0.0010500000000000021,44.69307830902212,44.693078308899459,188.37605702115076
0.0010600000000000021,45.996175240624382,45.996175240592407,188.18777420170659
0.0010700000000000022,47.298403539425991,47.29840353911996,187.9996795718906
0.0010800000000000022,48.599763784449834,48.599763784018535,187.81177294360623
0.0010900000000000022,49.90025655433282,49.900256553936373,187.62405412894501
0.0011000000000000022,51.199882427326145,51.199882427521715,187.43652294018619
0.0011100000000000023,52.498641981295549,52.498641981202354,187.24917918979685
0.0011200000000000023,53.796535793721574,53.796535793626532,187.06202269043126
0.0011300000000000023,55.093564441699819,55.093564441222043,186.87505325493115
0.0011400000000000023,56.389728501941192,56.389728501748948,186.68827069632525
0.0011500000000000024,57.685028550772174,57.685028550746864,186.50167482782919
0.0011600000000000024,58.979465164135071,58.979465163755407,186.31526546284519
0.0011700000000000024,60.273038917588273,60.273038917202371,186.12904241496213
0.0011800000000000024,61.565750386306497,61.565750386183282,185.94300549795506
0.0011900000000000025,62.857600145081065,62.85760014490549,185.75715452578527
0.0012000000000000025,64.148588768320153,64.148588768020431,185.57148931259988
0.0012100000000000025,65.438716830049017,65.438716829735455,185.38600967273194
0.0012200000000000025,66.727984903910311,66.72798490381382,185.20071542069999
0.0012300000000000026,68.016393563164272,68.016393563130606,185.01560637120789
0.0012400000000000026,69.303943380689006,69.303943380560895,184.8306823391448
0.0012500000000000026,70.590634928980776,70.590634928979767,184.64594313958486
0.0012600000000000027,69.382528073423458,69.382528067762905,187.9431812714688
0.0012700000000000027,68.131935701901156,68.131935677229194,191.17516958129576
0.0012800000000000027,66.85005099535735,66.850050984612608,194.35695226281609
0.0012900000000000027,65.527066129956822,65.527066112736065,197.47046554195327
0.0013000000000000028,64.163931533629693,64.163931511984629,200.51374742219565
0.0013100000000000028,62.761622818185366,62.761622785956206,203.48488599498691
0.0013200000000000028,61.321140086969677,61.321140066183943,206.38202063092763
0.0013300000000000028,59.84350722734721,59.843507216328362,209.2033431348072
0.0013400000000000029,58.329771188505696,58.32977117847804,211.94709886375651
0.0013500000000000029,56.78100124508844,56.781001205763459,214.6115878078368
0.0013600000000000029,55.198288247169309,55.198288208657686,217.19516563240779
0.0013700000000000029,53.582743857092957,53.582743845481673,219.6962446816423
0.001380000000000003,51.935499773711001,51.9354997550181,222.11329494258518
0.001390000000000003,50.257706944552311,50.25770693123377,224.44484496917744
0.001400000000000003,48.550534766472659,48.550534756941488,226.68948276569751
0.001410000000000003,46.815170275335916,46.815170236413906,228.84585662909782
0.0014200000000000031,45.052817325285154,45.052817313262494,230.91267594974374
0.0014300000000000031,43.264695758168251,43.26469573356917,232.88871197008984
0.0014400000000000031,41.452040563688037,41.452040562717229,234.77279850085887
0.0014500000000000032,39.616101030852334,39.616100991679559,236.56383259431513
0.0014600000000000032,37.758139891304118,37.75813985384957,238.26077517425639
0.0014700000000000032,35.879432455116401,35.879432431329406,239.86265162237521
0.0014800000000000032,33.981265739640527,33.981265744387201,241.36855232067265
0.0014900000000000033,32.06493759200022,32.064937556697259,242.77763314963465
0.0015000000000000033,30.131755805826948,30.131755806905858,244.08911594191309
0.0015100000000000033,31.444340409472129,31.444340409469973,243.84520860086349
0.0015200000000000033,32.756050201728698,32.756050201587783,243.60154498551552
0.0015300000000000034,34.067104249876856,34.067104249801972,243.35806401220958
0.0015400000000000034,35.377284361081394,35.377284360871286,243.11482639936497
0.0015500000000000034,36.686591117900889,36.686591117662815,242.87183190374179
0.0015600000000000034,37.995025102505586,37.995025102377511,242.62908028234307
0.0015700000000000035,39.302586896677667,39.302586896550196,242.38657129241474
0.0015800000000000035,40.609277081811506,40.609277081493644,242.14430469144554
0.0015900000000000035,41.915096238913918,41.915096238742677,241.90228023716645
0.0016000000000000035,43.220044948604418,43.220044948721892,241.66049768755062
0.0016100000000000036,44.524123791115493,44.524123790967707,241.41895680081308
0.0016200000000000036,45.82733334629286,45.827333346348809,241.17765733541057
0.0016300000000000036,47.129674193595712,47.129674193069349,240.93659905004128
0.0016400000000000037,48.431146912096963,48.431146911998013,240.69578170364454
0.0016500000000000037,49.731752080483538,49.731752080450775,240.45520505540065
0.0016600000000000037,51.031490277056619,51.031490277075875,240.21486886473062
0.0016700000000000037,52.330362079731884,52.330362079633375,239.97477289129588
0.0016800000000000038,53.628368066039783,53.628368065883336,239.73491689499795
0.0016900000000000038,54.925508813125795,54.925508813141732,239.49530063597865
0.0017000000000000038,56.221784897750666,56.221784897836358,239.25592387461933
0.0017100000000000038,57.517196896290692,57.517196896395006,239.01678637154089
0.0017200000000000039,58.811745384737954,58.811745384801384,238.77788788760336
0.0017300000000000039,60.105430938700579,60.105430938595106,238.539228183906
0.0017400000000000039,61.398254133403007,61.398254133315788,238.30080702178668
0.0017500000000000039,62.690215543686236,62.690215543614869,238.06262416282183
0.001760000000000004,60.780221183609328,60.780221161849113,240.88543568412052
0.001770000000000004,58.834875085966665,58.834875090951755,243.60866931356975
0.001780000000000004,56.863867863144492,56.863867854417549,246.2562042751909
0.001790000000000004,54.859565430902698,54.859565409515199,248.80175993766352
0.0018000000000000041,52.823359432442956,52.823359425246963,251.24380907500193
0.0018100000000000041,50.756660462712446,50.756660471051873,253.58089600863349
0.0018200000000000041,48.660897096449709,48.66089710731103,255.81163745871373
0.0018300000000000041,46.537514905862388,46.537514890587772,257.93472334575785
0.0018400000000000042,44.387975468609056,44.387975435711269,259.94891754213762
0.0018500000000000042,42.213755366762626,42.213755364173267,261.85305857302507
0.0018600000000000042,40.016345177437685,40.016345110416296,263.64606026640018
0.0018700000000000043,37.797248455768539,37.79724846708632,265.32691235177634
0.0018800000000000043,35.557980710928753,35.55798070919991,266.89468100732489
0.0018900000000000043,33.30006837588644,33.300068366770574,268.3485093551248
0.0019000000000000043,31.025047771592515,31.025047803723282,269.68761790429159
0.0019100000000000044,28.734464066301733,28.734464024182671,270.91130494177634
0.0019200000000000044,26.429870230728426,26.429870217725693,272.01894687066255
0.0019300000000000044,24.112825989740436,24.112825940392213,273.00999849582234
0.0019400000000000044,21.784896771295855,21.784896716781077,273.88399325682821
0.0019500000000000045,19.447652653327886,19.447652618964639,274.64054340805529
0.0019600000000000043,17.102667309283326,17.102667243307224,275.27934014593939
0.0019700000000000043,14.751516953019877,14.751516971500678,275.80015368339571
0.0019800000000000043,12.395779283766739,12.395779265261808,276.20283327143551
0.0019900000000000044,10.03703243185179,10.037032382115285,276.48730716805483
0.0020000000000000044,7.6768539058968663,7.6768538974647527,276.65358255450423
0.0020100000000000044,9.0044042525936305,9.0044042525549983,276.37713499782956
0.0020200000000000044,10.331069813533338,10.33106981351839,276.10096368283916
0.0020300000000000045,11.657072153743467,11.657072153670178,275.82499937656797
0.0020400000000000045,12.982190592611714,12.982190592647491,275.54931089801329
0.0020500000000000045,14.306425719338835,14.306425719201599,275.27389797148396
0.0020600000000000045,15.629778122732832,15.629778122638882,274.99876032156442
0.0020700000000000046,16.95224839120921,16.952248391044478,274.72389767311421
0.0020800000000000046,18.273837112791242,18.273837112725566,274.449309751268
0.0020900000000000046,19.594544875110234,19.59454487510115,274.17499628143526
0.0021000000000000046,20.914372265405781,20.914372265368186,273.9009569892998
0.0021100000000000047,22.233319870526024,22.233319870501589,273.62719160081946
0.0021200000000000047,23.55138827692792,23.551388276921159,273.35369984222626
0.0021300000000000047,24.868578070677497,24.868578070602609,273.08048144002555
0.0021400000000000047,26.184889837450118,26.184889837299608,272.8075361209967
0.0021500000000000048,27.500324162530742,27.500324162543777,272.53486361219137
0.0021600000000000048,28.814881630814181,28.814881630756517,272.26246364093436
0.0021700000000000048,30.128562826805364,30.128562826581273,271.99033593482312
0.0021800000000000049,31.441368334619586,31.441368334439446,271.71848022172713
0.0021900000000000049,32.753298737982782,32.753298737864256,271.44689622978814
0.0022000000000000049,34.064354620231782,34.064354619944837,271.17558368741948
0.0022100000000000049,35.374536564314567,35.374536564214409,270.90454232330592
0.002220000000000005,36.683845152790525,36.683845152651884,270.63377186640344
0.002230000000000005,37.992280967830723,37.992280967680259,270.36327204593886
0.002240000000000005,39.299844591218154,39.299844591278443,270.09304259140964
0.002250000000000005,40.606536604348001,40.606536603871035,269.82308323258377
0.0022600000000000051,38.299479176891005,38.299479172110296,271.49587276505412
0.0022700000000000051,35.972842189050155,35.972842169940122,273.05098564847611
0.0022800000000000051,33.63251316814965,33.63251312293869,274.5173340587919
0.0022900000000000051,31.274991484496656,31.274991442842293,275.86482927293025
0.0023000000000000052,28.901877447592582,28.901877442422119,277.09277086946992
0.0023100000000000052,26.514779097081341,26.514779108310904,278.20053929570855
0.0023200000000000052,24.115311117851064,24.115311077821389,279.18759614603908
0.0023300000000000052,21.705093752512177,21.705093729451619,280.05348438576442
0.0023400000000000053,19.285751711981231,19.285751648112637,280.79782852029234
0.0023500000000000053,16.8589130848999,16.858913056694291,281.42033470968829
0.0023600000000000053,14.42620824661814,14.42620822444951,281.92079082860147
0.0023700000000000053,11.989268768469595,11.989268728029856,282.29906647161442
0.0023800000000000054,9.5497263280658906,9.5497263146171463,282.55511290410374
0.0023900000000000054,7.109211621334615,7.1092115945248224,282.68896295873537
0.0024000000000000054,4.6693532770233741,4.6693532453900843,282.70073087775449
0.0024100000000000055,2.2317767743894832,2.2317767616186757,282.59061210126441
0.0024200000000000055,-0.20189663520847501,-0.20189662564007449,282.35888300172655
0.0024300000000000055,-2.6300510021047714,-2.6300510285182099,282.00590056494713
0.0024400000000000055,-5.0510767467981594,-5.0510767550804303,281.53210201785333
0.0024500000000000056,-7.4633717223975644,-7.4633717304095626,280.93800440339493
0.0024600000000000056,-9.8653422703435609,-9.8653422924144252,280.22420410294319
0.0024700000000000056,-12.255404268713026,-12.255404271854786,279.39137630659252
0.0024800000000000056,-14.631984172420447,-14.63198418605316,278.44027443180545
0.0024900000000000057,-16.993520044635915,-16.993520091546088,277.37172949087363
0.0025000000000000057,-19.338462578746803,-19.338462550422264,276.18664940770248
0.0025100000000000057,-17.992907063878736,-17.992907063835162,275.91066843644484
0.0025200000000000057,-16.648248334852237,-16.648248334694138,275.63496324063357
0.0025300000000000058,-15.304261821619644,-15.304261821613707,275.35946470415422
0.0025400000000000058,-13.961171197818384,-13.961171197673927,275.08424152985202
0.0025500000000000058,-12.618975866256548,-12.618975866240945,274.80929344250137
0.0025600000000000058,-11.277675230140309,-11.277675230125794,274.53462016715122
0.0025700000000000059,-9.9372686930736549,-9.9372686930276899,274.26022142912581
0.0025800000000000059,-8.5977556590581283,-8.5977556590344228,273.98609695402354
0.0025900000000000059,-7.2591355324925599,-7.2591355325113405,273.71224646771748
0.002600000000000006,-5.9214077181728015,-5.921407718156857,273.43866969635417
0.002610000000000006,-4.5845716212914622,-4.5845716212522536,273.16536636635425
0.002620000000000006,-3.2486266474376455,-3.2486266474396341,272.89233620441161
0.002630000000000006,-1.9135722025966833,-1.9135722025970248,272.61957893749354
0.0026400000000000061,-0.5794076931498725,-0.57940769314715479,272.3470942928401
0.0026500000000000061,0.75386747412578869,0.75386747412642396,272.07488199796381
0.0026600000000000061,2.0862538920578655,2.0862538920446427,271.80294178064975
0.0026700000000000061,3.4177521530787489,3.4177521530676103,271.53127336895506
0.0026800000000000062,4.7483628492259209,4.7483628492217544,271.25987649120862
0.0026900000000000062,6.0780865721422153,6.0780865721588029,270.9887508760109
0.0027000000000000062,7.4069239130760822,7.4069239130447606,270.71789625223363
0.0027100000000000062,8.7348754628818526,8.7348754628235881,270.44731234901946
0.0027200000000000063,10.061941812019997,10.061941811967401,270.17699889578182
0.0027300000000000063,11.38812355055739,11.388123550504226,269.90695562220458
0.0027400000000000063,12.713421268167576,12.713421268184533,269.63718225824198
0.0027500000000000063,14.037835554131025,14.037835554092659,269.36767853411783
0.0027600000000000064,11.767808116798671,11.767808075546782,269.7148163876638
0.0027700000000000064,9.4958053583525324,9.4958053296068101,269.94811229289638
0.0027800000000000064,7.2232699199674641,7.2232699039886938,270.09606579010239
0.0027900000000000065,4.9510350940266799,4.9510350663695135,270.13030893194326
0.0028000000000000065,2.6806152031552042,2.6806151822711399,270.0510082347493
0.0028100000000000065,0.41352083844314924,0.41352080870638019,269.85840563346727
0.0028200000000000065,-1.848742141401418,-1.848742215315724,269.55281819478637
0.0028300000000000066,-4.1046736060781246,-4.1046736214411794,269.13463778065511
0.0028400000000000066,-6.3527801442424687,-6.3527801330565126,268.60433066249442
0.0028500000000000066,-8.5915760479252778,-8.5915760905663774,267.96243708644693
0.0028600000000000066,-10.819584290177376,-10.819584304044838,267.20957079003347
0.0028700000000000067,-13.035337495298977,-13.035337531164259,266.34641847062062
0.0028800000000000067,-15.23737890101933,-15.237378931942658,265.37373920613317
0.0028900000000000067,-17.424263311998569,-17.424263319298916,264.29236382847733
0.0029000000000000067,-19.59455804403056,-19.594558068547485,263.10319425017161
0.0029100000000000068,-21.746843858332728,-21.74684385636283,261.80720274471179
0.0029200000000000068,-23.879715885316553,-23.879715911334642,260.40543118122679
0.0029300000000000068,-25.991784537240385,-25.991784525558614,258.8989902140118
0.0029400000000000068,-28.081676409154639,-28.081676418878487,257.28905842755438
0.0029500000000000069,-30.14803516755827,-30.148035165211695,255.57688143769764
0.0029600000000000069,-32.189522426194515,-32.189522443104579,253.76377094961194
0.0029700000000000069,-34.204818608423487,-34.204818632588285,251.85110377327572
0.0029800000000000069,-36.192623795619042,-36.192623809938596,249.84032079719333
0.002990000000000007,-38.151658561047576,-38.1516585719055,247.73292592110175
0.003000000000000007,-40.08066478869705,-40.080664803099353,245.53048494844802
0.003010000000000007,-38.721285010868513,-38.721285010812068,245.28513731178606
0.0030200000000000071,-37.362811232476339,-37.362811232455329,245.04003484004878
0.0030300000000000071,-36.005016576235924,-36.005016576190485,244.79511608887185
0.0030400000000000071,-34.648127013811902,-34.648127013703345,244.55044213522251
0.0030500000000000071,-33.292141941876807,-33.292141941698716,244.3060127344244
0.0030600000000000072,-31.937060757505343,-31.937060757325497,244.06182764204573
0.0030700000000000072,-30.582882858174113,-30.582882858176674,243.81788661389899
0.0030800000000000072,-29.229607641761358,-29.22960764162319,243.57418940604083
0.0030900000000000072,-27.877234506546689,-27.877234506590298,243.33073577477154
0.0031000000000000073,-26.525762851210818,-26.525762851115076,243.08752547663505
0.0031100000000000073,-25.175192074835294,-25.17519207478891,242.84455826841881
0.0031200000000000073,-23.825521576902236,-23.825521576759101,242.60183390715312
0.0031300000000000073,-22.476750757294056,-22.476750757061126,242.35935215011122
0.0031400000000000074,-21.128879016293197,-21.128879016174551,242.11711275480903
0.0031500000000000074,-19.781905754581878,-19.781905754467921,241.87511547900471
0.0031600000000000074,-18.43583037324181,-18.435830373197959,241.63336008069874
0.0031700000000000074,-17.090652273753939,-17.090652273621387,241.39184631813308
0.0031800000000000075,-15.746370857998178,-15.74637085799413,241.15057394979181
0.0031900000000000075,-14.402985528253144,-14.402985528128021,240.90954273440005
0.0032000000000000075,-13.060495687195889,-13.06049568705614,240.66875243092431
0.0032100000000000076,-11.718900737901636,-11.718900737922588,240.42820279857187
0.0032200000000000076,-10.378200083843511,-10.378200083760447,240.1878935967907
0.0032300000000000076,-9.0383931288922792,-9.0383931288795516,239.94782458526927
0.0032400000000000076,-7.6994792773160814,-7.6994792773121823,239.70799552393621
0.0032500000000000077,-6.3614579337801684,-6.3614579337567534,239.46840617296002
0.0032600000000000077,-8.2096822386867956,-8.209682249571415,238.84198849619204
0.0032700000000000077,-10.04741329353976,-10.047413326219612,238.12424428020012
0.0032800000000000077,-11.876521425702697,-11.876521426756881,237.33841344259372
0.0032900000000000078,-13.693334125536255,-13.6933341252643,236.4622655775261
0.0033000000000000078,-15.496660658366029,-15.496660665803574,235.49653517519451
0.0033100000000000078,-17.28532126305036,-17.285321291637956,234.44201522444865
0.0033200000000000078,-19.058147920215159,-19.058147927353275,233.29955658672176
0.0033300000000000079,-20.813985111381633,-20.813985116774347,232.07006733242341
0.0033400000000000079,-22.551690568496021,-22.551690591399165,230.75451204029736
0.0033500000000000079,-24.270136013377641,-24.270136037785051,229.35391106027404
0.0033600000000000079,-25.968207886609065,-25.968207893356521,227.86933974036998
0.003370000000000008,-27.644808065400056,-27.644808085369732,226.30192761820877
0.003380000000000008,-29.298854569965076,-29.298854599346669,224.65285757776201
0.003390000000000008,-30.929282257962566,-30.929282274883008,222.92336497193028
0.0034000000000000081,-32.535043506552917,-32.535043516190854,221.11473671160576
0.0034100000000000081,-34.115108881641035,-34.115108888954637,219.22831032187958
0.0034200000000000081,-35.668467793878698,-35.668467830873851,217.26547296607833
0.0034300000000000081,-37.194129141011388,-37.19412916325382,215.227660438333
0.0034400000000000082,-38.691121936164137,-38.691121943656981,213.11635612540559
0.0034500000000000082,-40.158495921670927,-40.158495920650239,210.9330899385152
0.0034600000000000082,-41.595322168062481,-41.59532218750428,208.67943721592727
0.0034700000000000082,-43.000693657837886,-43.000693665362633,206.35701759708505
0.0034800000000000083,-44.373725853656126,-44.373725870627823,203.96749386908144
0.0034900000000000083,-45.713557250594732,-45.713557284443596,201.51257078628737
0.0035000000000000083,-47.019349912133919,-47.019349921129105,198.99399386396658
0.0035100000000000083,-45.65534563943325,-45.655345639161737,198.79514806233479
0.0035200000000000084,-44.292250448302312,-44.29225044821905,198.59650095842284
0.0035300000000000084,-42.929836689639174,-42.929836689520329,198.39800275369163
0.0035400000000000084,-41.56833110384494,-41.568331103469802,198.1997029489176
0.0035500000000000084,-40.207733085539665,-40.207733085662056,198.00160134579906
0.0035600000000000085,-38.848042029746956,-38.848042029693275,197.80369774623253
0.0035700000000000085,-37.48925733189369,-37.489257331824177,197.60599195231228
0.0035800000000000085,-36.131378387809733,-36.131378387649349,197.40848376633065
0.0035900000000000085,-34.774404593727695,-34.774404593651553,197.2111729907775
0.0036000000000000086,-33.41833534628266,-33.41833534609151,197.01405942834015
0.0036100000000000086,-32.063170042511899,-32.063170042340161,196.81714288190304
0.0036200000000000086,-30.708908079854613,-30.708908079768449,196.62042315454769
0.0036300000000000087,-29.355548856151664,-29.355548856191405,196.4239000495524
0.0036400000000000087,-28.003091769645312,-28.00309176942406,196.22757337039224
0.0036500000000000087,-26.651536218978947,-26.651536218835759,196.03144292073853
0.0036600000000000087,-25.30088160319681,-25.30088160312971,195.83550850445889
0.0036700000000000088,-23.951127321743737,-23.951127321453214,195.639769925617
0.0036800000000000088,-22.60227277446489,-22.602272774285836,195.44422698847234
0.0036900000000000088,-21.254317361605487,-21.254317361441011,195.24887949747998
0.0037000000000000088,-19.907260483810539,-19.90726048373137,195.05372725729055
0.0037100000000000089,-18.561101542124575,-18.561101542080571,194.85877007274991
0.0037200000000000089,-17.21583993799139,-17.215839937856359,194.664007748899
0.0037300000000000089,-15.871475073253771,-15.871475073203634,194.46944009097348
0.0037400000000000089,-14.528006350153227,-14.528006350156275,194.27506690440381
0.003750000000000009,-13.185433171329729,-13.185433171303274,194.08088799481496
0.003760000000000009,-14.421493926044235,-14.421493915506289,193.18181209043462
0.003770000000000009,-15.644145253561486,-15.644145264559484,192.22237791840232
0.003780000000000009,-16.856246238820642,-16.856246247698436,191.21814694868067
0.0037900000000000091,-18.053759386306655,-18.053759390568302,190.15470946482796
0.0038000000000000091,-19.235910644910906,-19.235910656334454,189.03287301303376
0.0038100000000000091,-20.401937493697044,-20.401937490532873,187.85348272744466
0.0038200000000000092,-21.55108943104878,-21.55108944634776,186.6174207041517
0.0038300000000000092,-22.682628454990279,-22.682628468828625,185.32560535157927
0.0038400000000000092,-23.795829534373667,-23.795829548589609,183.97899071774714
0.0038500000000000092,-24.8899810706347,-24.889981091291702,182.57856579489302
0.0038600000000000093,-25.964385349824518,-25.964385343968388,181.12535380195709
0.0038700000000000093,-27.018358984632254,-27.018358991881541,179.6204114454433
0.0038800000000000093,-28.051233346120526,-28.051233357473393,178.06482815918636
0.0038900000000000093,-29.062354984903116,-29.062354997222428,176.45972532356683
0.0039000000000000094,-30.051086041501616,-30.05108607112561,174.80625546472808
0.003910000000000009,-31.016804645625502,-31.016804655337182,173.10560143436328
0.0039200000000000085,-31.958905304127871,-31.958905310602859,171.35897557065067
0.0039300000000000081,-32.876799277397097,-32.876799309633498,169.56761884092901
0.0039400000000000077,-33.769914943952713,-33.769914978165616,167.7327999667138
0.0039500000000000073,-34.637698153022086,-34.637698178130449,165.85581453166813
0.0039600000000000069,-35.479612564882856,-35.479612591871046,163.93798407315066
0.0039700000000000065,-36.295139978764631,-36.295140006359361,161.98065515797396
0.0039800000000000061,-37.083780648112047,-37.083780654256771,159.98519844301535
0.0039900000000000057,-37.845053583020054,-37.845053583396293,157.95300772133203
0.0040000000000000053,-38.578496839661142,-38.578496855734556,155.88549895444049
0.0040100000000000049,-37.220118226728339,-37.220118226599652,155.72972954451762
0.0040200000000000045,-35.862644945975525,-35.862644945705568,155.5741157880021
0.0040300000000000041,-34.505850287210151,-34.505850287080975,155.41861867431911
0.0040400000000000037,-33.149960055671777,-33.14996005565618,155.26327698078586
0.0040500000000000033,-31.794973648477264,-31.794973648358038,155.10809055205914
0.0040600000000000028,-30.440890463145362,-30.44089046300158,154.95305923295101
0.0040700000000000024,-29.087709897596429,-29.087709897401837,154.79818286842857
0.004080000000000002,-27.735431350152162,-27.735431350039974,154.643461303614
0.0040900000000000016,-26.384054219535333,-26.384054219397157,154.48889438378421
0.0041000000000000012,-25.033577904869521,-25.033577904620685,154.33448195437072
0.0041100000000000008,-23.684001805678836,-23.684001805523991,154.18022386095961
0.0041200000000000004,-22.335325321887666,-22.335325321920507,154.02611994929123
0.00413,-20.987547853820406,-20.987547853623667,153.87217006526015
0.0041399999999999996,-19.640668802201187,-19.640668802112238,153.71837405491502
0.0041499999999999992,-18.294687568153613,-18.294687568087831,153.56473176445826
0.0041599999999999988,-16.94960355320049,-16.949603553140236,153.41124304024603
0.0041699999999999984,-15.605416159263568,-15.605416159192309,153.25790772878815
0.004179999999999998,-14.26212478866327,-14.262124788610997,153.10472567674779
0.0041899999999999975,-12.919728844118424,-12.919728844096312,152.95169673094139
0.0041999999999999971,-11.578227728746002,-11.578227728681334,152.79882073833855
0.0042099999999999967,-10.237620846060853,-10.237620845954254,152.64609754606175
0.0042199999999999963,-8.8979075999754382,-8.8979075999473523,152.49352700138624
0.0042299999999999959,-7.5590873947995636,-7.5590873947484205,152.34110895173998
0.0042399999999999955,-6.2211596352401184,-6.2211596352224063,152.18884324470343
0.0042499999999999951,-4.8841237264008095,-4.8841237263730353,152.03672972800942
0.0042599999999999947,-5.5701580504442134,-5.5701580663480854,151.61505459282915
0.0042699999999999943,-6.2497793145621641,-6.2497793180682493,151.15976375941631
0.0042799999999999939,-6.9243153489155063,-6.9243153575371252,150.67949104123477
0.0042899999999999935,-7.591779960301559,-7.5917799904345884,150.166165108619
0.0042999999999999931,-8.2517399473187378,-8.2517399562220817,149.6201832174965
0.0043099999999999927,-8.9037678329947116,-8.9037678492331906,149.04196373294175
0.0043199999999999922,-9.5474421402389975,-9.5474421755170624,148.43194581511605
0.0043299999999999918,-10.182347662836968,-10.182347665477209,147.79058909186713
0.0043399999999999914,-10.808075731812018,-10.80807572861886,147.11837331822889
0.004349999999999991,-11.424224476986051,-11.424224481970668,146.41579802306975
0.0043599999999999906,-12.030399083571888,-12.030399119566937,145.68338214314704
0.0043699999999999902,-12.626212043634816,-12.626212054556163,144.92166364483197
0.0043799999999999898,-13.211283402264183,-13.211283430791809,144.1311991337783
0.0043899999999999894,-13.785240998299734,-13.785241009145466,143.31256345281463
0.004399999999999989,-14.347720699461263,-14.347720707519329,142.4663492683481
0.0044099999999999886,-14.898366631734143,-14.898366629267912,141.59316664557454
0.0044199999999999882,-15.436831402867405,-15.436831404258555,140.69364261279685
0.0044299999999999878,-15.962776319845128,-15.962776330979978,139.76842071515955
0.0044399999999999874,-16.475871600196232,-16.475871603915948,138.81816055811612
0.004449999999999987,-16.975796577012034,-16.975796597762383,137.84353734094887
0.0044599999999999865,-17.462239897545377,-17.462239895849052,136.8452413806701
0.0044699999999999861,-17.934899715269633,-17.934899716465225,135.82397762663751
0.0044799999999999857,-18.39348387528041,-18.393483884437956,134.78046516622274
0.0044899999999999853,-18.837710092927448,-18.837710115349182,133.71543672187778
0.0044999999999999849,-19.267306125568908,-19.267306157644271,132.62963813994907
0.0045099999999999845,-17.921798035051953,-17.921798034947756,132.49710727203768
0.0045199999999999841,-16.577186698769189,-16.57718669867414,132.36470883629752
0.0045299999999999837,-15.233247554587958,-15.2332475544803,132.23240964196708
0.0045399999999999833,-13.890204268262275,-13.890204268229844,132.10024268134893
0.0045499999999999829,-12.548056242621278,-12.548056242511763,131.96820782227488
0.0045599999999999825,-11.206802880892173,-11.206802880803224,131.83630493270869
0.0045699999999999821,-9.8664435866999707,-9.8664435866369082,131.7045338807462
0.0045799999999999817,-8.5269777640672206,-8.5269777640450961,131.5728945346151
0.0045899999999999812,-7.1884048174137423,-7.1884048173931347,131.44138676267474
0.0045999999999999808,-5.850724151556367,-5.8507241515459718,131.31001043341601
0.0046099999999999804,-4.5139351717086678,-4.5139351716738663,131.17876541546127
0.00461999999999998,-3.1780372834806987,-3.1780372834466775,131.04765157756424
0.0046299999999999796,-1.8430298928787274,-1.8430298928673317,130.91666878860977
0.0046399999999999792,-0.50891240630497314,-0.50891240630304702,130.7858169176138
0.0046499999999999788,0.82431576944265783,0.82431576944180796,130.65509583372324
0.0046599999999999784,2.1566552271708361,2.1566552271673478,130.52450540621558
0.004669999999999978,3.4881065592910727,3.488106559285109,130.39404550449922
0.0046799999999999776,4.8186703578199834,4.8186703577868251,130.26371599811287
0.0046899999999999772,6.148347214379549,6.1483472143519791,130.13351675672581
0.0046999999999999768,7.4771377201973808,7.4771377201465761,130.00344765013753
0.0047099999999999764,8.8050424661069844,8.805042466086821,129.87350854827764
0.004719999999999976,10.13206204254802,10.132062042478296,129.74369932120572
0.0047299999999999755,11.458197039566565,11.458197039515561,129.61401983911122
0.0047399999999999751,12.78344804681538,12.783448046671531,129.48446997231352
0.0047499999999999747,14.107815653554168,14.107815653585654,129.35504959126138
0.0047599999999999743,13.701589087706335,13.701589068659814,129.91545187555357
0.0047699999999999739,13.288375792487457,13.288375782849471,130.45473534539062
0.0047799999999999735,12.870102943456423,12.870102921169746,130.97798032870597
0.0047899999999999731,12.445278521460487,12.44527848598409,131.47963542774542
0.0047999999999999727,12.014196652144587,12.014196641985109,131.95940215623352
0.0048099999999999723,11.577155143021061,11.577155135000794,132.41699711716686
0.0048199999999999719,11.134455278800434,11.134455291994527,132.85215216661942
0.0048299999999999715,10.686401614744886,10.686401623161146,133.26461456710643
0.0048399999999999711,10.233301768185441,10.233301736661815,133.65414713042193
0.0048499999999999707,9.7754662083449446,9.775466196515481,134.02052834987239
0.0048599999999999702,9.3132080446097465,9.3132080110081006,134.36355252183563
0.0048699999999999698,8.8468428133938417,8.8468428032228985,134.68302985658212
0.0048799999999999694,8.3766882637398918,8.3766882710278878,134.97878657830253
0.004889999999999969,7.9030641418021679,7.9030641302324511,135.25066501429228
0.0048999999999999686,7.4262919743569578,7.4262919724787935,135.49852367325298
0.0049099999999999682,6.9466948514863764,6.9466948389163008,135.72223731267513
0.0049199999999999678,6.4645972085818411,6.4645971917798306,135.92169699527656
0.0049299999999999674,5.9803246078136683,5.9803246017509082,136.09681013447653
0.004939999999999967,5.4942035192133707,5.4942035205840511,136.24750052889374
0.0049499999999999666,5.0065611015152482,5.0065611105765129,136.37370838586338
0.0049599999999999662,4.517724982903772,4.5177249603511882,136.47539033397598
0.0049699999999999658,4.0280230418130918,4.0280230280131946,136.5525194246475
0.0049799999999999654,3.5377831879247159,3.5377831864025211,136.60508512273893
0.0049899999999999649,3.0473331435090261,3.0473331378289004,136.63309328624865
0.0049999999999999645,2.557000225255837,2.5570002151198423,136.63656613510989
0.0050099999999999641,3.8879628520432354,3.8879628520283038,136.50003132319202
0.0050199999999999637,5.2180384188571347,5.2180384188527107,136.36363294440767
0.0050299999999999633,6.5474490602265298,6.5474490602013269,136.22733680525565
0.0050399999999999629,7.8759735283108654,7.8759735282485366,136.09117689478245
0.0050499999999999625,9.2036124138253541,9.2036124137995223,135.95515307682683
0.0050599999999999621,10.530366307091445,10.530366307048844,135.81926521536363
0.0050699999999999617,11.856235798037083,11.856235798024528,135.68351317450362
0.0050799999999999613,13.181221476196974,13.181221476199489,135.54789681849346
0.0050899999999999609,14.505323930712843,14.505323930658065,135.41241601171546
0.0050999999999999605,15.828543750333697,15.828543750262547,135.27707061868745
0.0051099999999999601,17.150881523416093,17.150881523320116,135.14186050406283
0.0051199999999999597,18.472337837924393,18.472337837915909,135.00678553263
0.0051299999999999592,19.792913281431023,19.792913281357905,134.87184556931265
0.0051399999999999588,21.112608441116745,21.112608441065106,134.73704047916959
0.0051499999999999584,22.431423903770906,22.431423903679359,134.60237012739435
0.005159999999999958,23.749360255791707,23.749360255731489,134.46783437931526
0.0051699999999999576,25.066418083186463,25.066418082975161,134.33343310039524
0.0051799999999999572,26.382597971571858,26.38259797138609,134.19916615623168
0.0051899999999999568,27.697900506174214,27.697900506051809,134.06503341255637
0.0051999999999999564,29.012326271829743,29.012326271615763,133.93103473523519
0.005209999999999956,30.325875852984808,30.32587585294344,133.7971699902682
0.0052199999999999556,31.638549833696189,31.638549833568064,133.66343904378925
0.0052299999999999552,32.950348797631335,32.950348797466944,133.5298417620661
0.0052399999999999548,34.261273328068633,34.261273327951258,133.39637801150013
0.0052499999999999544,35.571324007897658,35.57132400766605,133.26304765862633
0.0052599999999999539,35.088056113342198,35.088056108634191,134.88907293459084
0.0052699999999999535,34.583705451561613,34.583705428303801,136.48853687504393
0.0052799999999999531,34.063778041660946,34.063778031168113,138.06744531255021
0.0052899999999999527,33.523339212665995,33.52333922634898,139.6182797151549
0.0052999999999999523,32.962783411765407,32.962783421908171,141.14005294082597
0.0053099999999999519,32.382517840647445,32.382517815676692,142.6317988653912
0.0053199999999999515,31.782962162794014,31.782962139459414,144.09257299162275
0.0053299999999999511,31.164548202954226,31.164548204287712,145.52145304289019
0.0053399999999999507,30.527719639010865,30.527719616202376,146.91753954101043
0.0053499999999999503,29.872931686457868,29.872931662566771,148.27995636793727
0.0053599999999999499,29.200650775711448,29.20065074363265,149.60785131094181
0.0053699999999999495,28.511354222481931,28.511354202009898,150.90039659094828
0.0053799999999999491,27.805529891437608,27.805529867919176,152.15678937370086
0.0053899999999999487,27.083675853396024,27.083675860239964,153.37625226344966
0.0053999999999999482,26.346300036281953,26.346300018076363,154.55803377885579
0.0054099999999999478,25.59391987009521,25.593919843913682,155.7014088108269
0.0054199999999999474,24.827061926134924,24.827061906762538,156.80567906200997
0.005429999999999947,24.046261550730346,24.046261529520052,157.87017346767698
0.0054399999999999466,23.252062493731536,23.252062476331048,158.89424859775485
0.0054499999999999462,22.445016532016332,22.445016526262407,159.87728903976316
0.0054599999999999458,21.625683088272879,21.625683075399138,160.81870776243531
0.0054699999999999454,20.794628845319732,20.794628824205574,161.71794645981373
0.005479999999999945,19.952427356228089,19.952427351199731,162.57447587562183
0.0054899999999999446,19.099658650513071,19.099658629784244,163.38779610772929
0.0054999999999999442,18.236908836663119,18.236908829294407,164.15743689254111
0.0055099999999999438,19.557421117935252,19.557421117810669,163.99340170485368
0.0055199999999999434,20.87705330418018,20.877053304113602,163.82953043019577
0.0055299999999999429,22.196025785788834,22.196025785570228,163.66578198792791
0.0055399999999999425,23.514119052096692,23.514119051881721,163.50219721305439
0.0055499999999999421,24.831333689180841,24.831333689245838,163.33877594198884
0.0055599999999999417,26.147670282727688,26.147670282750113,163.17551801130833
0.0055699999999999413,27.46312941803323,27.463129417926169,163.01242325775326
0.0055799999999999409,28.777711680003311,28.77771167986154,162.84949151822732
0.0055899999999999405,30.091417653153879,30.091417652977626,162.68672262979717
0.0055999999999999401,31.404247921611255,31.404247921473782,162.52411642969238
0.0056099999999999397,32.716203069112382,32.716203069105276,162.36167275530508
0.0056199999999999393,34.027283679005087,34.02728367896124,162.19939144419001
0.0056299999999999389,35.337490334248344,35.337490334130806,162.03727233406431
0.0056399999999999385,36.646823617412537,36.646823617259017,161.87531526280711
0.0056499999999999381,37.955284110679713,37.955284110324783,161.71352006845987
0.0056599999999999377,39.262872395843836,39.262872395751103,161.5518865892258
0.0056699999999999372,40.569589054311052,40.569589054406663,161.39041466346984
0.0056799999999999368,41.875434667099945,41.875434666938105,161.22910412971848
0.0056899999999999364,43.180409814841802,43.18040981488025,161.06795482665953
0.005699999999999936,44.48451507778087,44.484515077769515,160.9069665931421
0.0057099999999999356,45.787751035774605,45.78775103558641,160.74613926817642
0.0057199999999999352,47.090118268293935,47.090118268311443,160.58547269093356
0.0057299999999999348,48.391617354423516,48.391617354592853,160.42496670074539
0.0057399999999999344,49.692248872861995,49.692248872634792,160.26462113710434
0.005749999999999934,50.992013401922264,50.992013401973679,160.10443583966321
0.0057599999999999336,50.133452562241189,50.133452532463707,162.46006156334806
0.0057699999999999332,49.244533763410857,49.244533755654629,164.76929787427864
0.0057799999999999328,48.333253121688507,48.333253118926223,167.04283568352517
0.0057899999999999324,47.392599740494703,47.392599753948161,169.26782586740896
0.0057999999999999319,46.423249632165309,46.423249642657538,171.44286593837029
0.0058099999999999315,45.425896814523597,45.425896786355224,173.56658904427991
0.0058199999999999311,44.40125281821981,44.401252807801939,175.63766482033535
0.0058299999999999307,43.350046183215895,43.350046183832092,177.65480021521384
0.0058399999999999303,42.273021944769091,42.273021932714983,179.61674029097381
0.0058499999999999299,41.170941109274587,41.17094107414232,181.52226899621553
0.0058599999999999295,40.044580120333542,40.044580117637452,183.37020991203013
0.0058699999999999291,38.894730315418734,38.894730295169211,185.15942697028467
0.0058799999999999287,37.722197373515691,37.72219736219995,186.88882514381072
0.0058899999999999283,36.527800754122552,36.527800745034256,188.55735110808274
0.0058999999999999279,35.312373127997105,35.312373114493312,190.16399387399363
0.0059099999999999275,34.076759800044186,34.076759789058997,191.70778539135205
0.0059199999999999271,32.821818124741306,32.821818109596279,193.18780112274965
0.0059299999999999266,31.548416914504642,31.548416899340737,194.60316058746378
0.0059399999999999262,30.257435841401538,30.25743581019924,195.95302787508362
0.0059499999999999258,28.949764832619493,28.949764811159184,197.23661212856734
0.0059599999999999254,27.626303460105053,27.626303420902332,198.45316799645929
0.005969999999999925,26.287960324789189,26.287960309900882,199.60199605401749
0.0059799999999999246,24.935652435818724,24.935652419344478,200.68244319302147
0.0059899999999999242,23.57030458521594,23.570304563236277,201.69390298005391
0.0059999999999999238,22.192848718390898,22.192848689428502,202.63581598306882
0.0060099999999999234,23.5107244448442,23.510724444619768,202.43333107141206
0.006019999999999923,24.827721833481355,24.827721833320382,202.23104849387511
0.0060299999999999226,26.144060834658504,26.144060834454308,202.0289175405475
0.0060399999999999222,27.459522375989444,27.459522375927747,201.8269886181277
0.0060499999999999218,28.774107042381086,28.774107042384145,201.6252615246847
0.0060599999999999214,30.087815418350448,30.087815418244901,201.42373605848954
0.0060699999999999209,31.400648088024923,31.400648087931415,201.22241201801472
0.0060799999999999205,32.712605635142516,32.71260563497691,201.02128920193417
0.0060899999999999201,34.023688643052132,34.023688643136651,200.82036740912318
0.0060999999999999197,35.333897694713805,35.333897694611593,200.61964643865787
0.0061099999999999193,36.64323337269898,36.643233372712913,200.41912608981534
0.0061199999999999189,37.951696259190769,37.951696259197476,200.21880616207329
0.0061299999999999185,39.2592869359842,39.259286935822146,200.01868645510982
0.0061399999999999181,40.566005984486488,40.566005984121745,199.81876676880321
0.0061499999999999177,41.87185398571728,41.871853985853136,199.61904690323183
0.0061599999999999173,43.176831520308923,43.176831520330694,199.41952665867385
0.0061699999999999169,44.480939168506723,44.480939168423106,199.22020583560703
0.0061799999999999165,45.784177510169201,45.784177510110879,199.02108423470858
0.0061899999999999161,47.086547124768344,47.086547124930433,198.82216165685503
0.0061999999999999156,48.388048591389868,48.388048591085919,198.62343790312175
0.0062099999999999152,49.688682488733477,49.688682488557845,198.424912774783
0.0062199999999999148,50.988449395113115,50.988449394662183,198.22658607331186
0.0062299999999999144,52.287349888457236,52.287349888047174,198.02845760037948
0.006239999999999914,53.585384546309051,53.585384546028791,197.83052715785553
0.0062499999999999136,54.882553945826778,54.882553945478918,197.63279454780761
0.0062599999999999132,53.519871720278054,53.519871698881616,200.12641356211793
0.0062699999999999128,52.125582120991524,52.125582101325563,202.54827021515501
0.0062799999999999124,50.70820563512023,50.708205634464321,204.91538210528742
0.006289999999999912,49.260715834928135,49.260715826449086,207.20854219109884
0.0062999999999999116,47.784127856861275,47.784127843897295,209.42634484026311
0.0063099999999999112,46.279474545793519,46.279474531729647,211.56743699933665
0.0063199999999999108,44.747805736976105,44.747805731049084,213.63051900824195
0.0063299999999999104,43.190187527855912,43.190187540176339,215.61434537779988
0.0063399999999999099,41.607701540264813,41.607701518842077,217.51772552985256
0.0063499999999999095,40.00144417348799,40.001444176596124,219.33952449954734
0.0063599999999999091,38.372525848724372,38.372525835939086,221.07866359937501
0.0063699999999999087,36.722070245457232,36.722070234418425,222.73412104458478
0.0063799999999999083,35.051213530257471,35.051213529868619,224.30493253962186
0.0063899999999999079,33.361103578546341,33.361103561446726,225.79019182526338
0.0063999999999999075,31.652899189848171,31.65289916751135,227.18905118615149
0.0064099999999999071,29.927769297067048,29.927769276127947,228.50072191845254
0.0064199999999999067,28.186892170324619,28.186892166104371,229.72447475739654
0.0064299999999999063,26.43145461589879,26.431454585917891,230.85964026447846
0.0064399999999999059,24.662651170805553,24.662651156859283,231.90560917413077
0.0064499999999999055,22.881683293568138,22.881683264586172,232.86183269970311
0.0064599999999999051,21.089758551719303,21.089758547532256,233.72782279861406
0.0064699999999999046,19.288089806583898,19.288089788460638,234.50315239656379
0.0064799999999999042,17.477894395889688,17.477894374451353,235.1874555707295
0.0064899999999999038,15.660393314754996,15.660393302141529,235.78042769188704
0.0064999999999999034,13.836810395601853,13.836810353495821,236.28182552543424
0.006509999999999903,15.160255254488638,15.160255254498267,236.04571966065592
0.0065199999999999026,16.482818063843883,16.482818063767724,235.8098497259127
0.0065299999999999022,17.804719703498826,17.804719703362615,235.57415659133102
0.0065399999999999018,19.125740175302326,19.12574017526314,235.33869903322662
0.0065499999999999014,20.44588006663302,20.445880066555233,235.10347681613962
0.006559999999999901,21.765139964478006,21.765139964546876,234.86848970484544
0.0065699999999999006,23.083520455433099,23.083520455324802,234.63373746435468
0.0065799999999999002,24.401022125703093,24.401022125752903,234.39921985991285
0.0065899999999998998,25.717645561102024,25.717645560918712,234.16493665700003
0.0065999999999998993,27.033391347053428,27.033391347019986,233.9308876213307
0.0066099999999998989,28.348260068590605,28.348260068478126,233.6970725188535
0.0066199999999998985,29.662252310356877,29.662252310380666,233.46349111575094
0.0066299999999998981,30.975368656605848,30.975368656482871,233.23014317843936
0.0066399999999998977,32.287609691201666,32.287609690984098,232.99702847356846
0.0066499999999998973,33.598975997619277,33.598975997417568,232.76414676802142
0.0066599999999998969,34.909468158944684,34.90946815865037,232.53149782891415
0.0066699999999998965,36.21908675787521,36.21908675754959,232.2990814235954
0.0066799999999998961,37.527832376719772,37.527832376538228,232.06689731964656
0.0066899999999998957,38.835705597399112,38.835705597373149,231.83494528488112
0.0066999999999998953,40.14270700144607,40.142707001145084,231.60322508734484
0.0067099999999998949,41.448837170005845,41.448837169610897,231.37173649531522
0.0067199999999998945,42.754096683836252,42.754096683417231,231.14047927730135
0.0067299999999998941,44.058486123307972,44.058486122988683,230.90945320204372
0.0067399999999998936,45.362006068404817,45.36200606830576,230.67865803851407
0.0067499999999998932,46.664657098723985,46.664657098904883,230.44809355591494
0.0067599999999998928,44.874708056475434,44.87470803837823,232.48230277776591
0.0067699999999998924,43.059765423236968,43.059765403086203,234.4241083870987
0.006779999999999892,41.22686355682724,41.226863544352454,236.29591297154082
0.0067899999999998916,39.370861183861862,39.370861145471281,238.07367016035553
0.0067999999999998912,37.493034105102339,37.493034085400723,239.75635138536759
0.0068099999999998908,35.594670546710852,35.594670549699003,241.34299317509928
0.0068199999999998904,33.677070280742655,33.677070263138376,242.83269768868914
0.00682999999999989,31.741543739405699,31.741543722318966,244.22463320516729
0.0068399999999998896,29.789411123688424,29.789411115643816,245.51803456783654
0.0068499999999998892,27.822001506959236,27.822001499089311,246.7122035835369
0.0068599999999998888,25.840651934143768,25.840651915132185,247.80650937660332
0.0068699999999998883,23.846706517087743,23.84670651167653,248.80038869735571
0.0068799999999998879,21.841515526714925,21.841515518872257,249.69334618499104
0.0068899999999998875,19.82643448259072,19.826434453307229,250.48495458477834
0.0068999999999998871,17.80282324050269,17.802823236934273,251.17485491948841
0.0069099999999998867,15.772045078669571,15.7720450602028,251.76275661501927
0.0069199999999998863,13.735465783190275,13.735465785202905,252.24843758021098
0.0069299999999998859,11.694452733343837,11.694452723531867,252.6317442408716
0.0069399999999998855,9.6503739873503562,9.6503739825948287,252.91259152806862
0.0069499999999998851,7.6045973692016586,7.6045973571581271,253.09096282076999
0.0069599999999998847,5.5584895571686763,5.558489533541433,253.16690984294914
0.0069699999999998843,3.5134151745904179,3.5134151517013379,253.14055251529658
0.0069799999999998839,1.4707358835468676,1.4707358673149429,253.01207876171532
0.0069899999999998835,-0.56819051798477127,-0.56819055771484273,252.78174427080253
0.0069999999999998831,-2.6020109948943926,-2.6020109942237468,252.44987221255201
0.0070099999999998826,-1.2676099903027755,-1.2676099903075055,252.19761034154445
0.0070199999999998822,0.065901662705298736,0.065901662705050712,251.94560054454675
0.0070299999999998818,1.3987466725159881,1.3987466725012832,251.69377964560789
0.0070399999999998814,2.730703219722225,2.7307032197110281,251.44221044292811
0.007049999999999881,4.0617718965652632,4.061771896546329,251.19089268493582
0.0070599999999998806,5.3919532948915734,5.3919532948532023,250.93982612031073
0.0070699999999998802,6.7212480061531075,6.7212480061029645,250.68901049798384
0.0070799999999998798,8.0496566214075607,8.0496566213783538,250.43844556713697
0.0070899999999998794,9.3771797313186322,9.3771797312625083,250.18813107720283
0.007099999999999879,10.703817926156292,10.703817926116521,249.93806677786438
0.0071099999999998786,12.029571795797041,12.029571795690863,249.68825241905492
0.0071199999999998782,13.354441929724176,13.354441929624983,249.43868775095757
0.0071299999999998778,14.678428917028047,14.678428917003217,249.18937252400522
0.0071399999999998773,16.001533346406319,16.00153334635479,248.94030648888025
0.0071499999999998769,17.32375580616424,17.323755806097907,248.69148939651407
0.0071599999999998765,18.645096884214901,18.645096884095658,248.44292099808723
0.0071699999999998761,19.965557168079492,19.96555716798909,248.1946010450288
0.0071799999999998757,21.285137244887565,21.285137244753116,247.94652928901647
0.0071899999999998753,22.603837701377302,22.60383770136265,247.69870548197594
0.0071999999999998749,23.921659123895765,23.921659123793404,247.45112937608104
0.0072099999999998745,25.238602098399166,25.238602098465179,247.20380072375315
0.0072199999999998741,26.554667210453122,26.554667210243466,246.95671927766128
0.0072299999999998737,27.869855045232917,27.869855045103975,246.7098847907215
0.0072399999999998733,29.184166187523765,29.184166187468108,246.4632970160969
0.0072499999999998729,30.497601221721062,30.49760122153522,246.21695570719717
0.0072599999999998725,28.516576965295251,28.516576946913119,247.42046527411406
0.0072699999999998721,26.521840305775996,26.521840283066922,248.52327715636503
0.0072799999999998716,24.51766670026484,24.517666702195129,249.5502268844856
0.0072899999999998712,22.501817246150338,22.501817227293941,250.47569982009918
0.0072999999999998708,20.475655285114261,20.475655276186444,251.2992479556018
0.0073099999999998704,18.440548763670972,18.440548757325814,252.02049197925626
0.00731999999999987,16.397869313535331,16.397869302409163,252.63912141367726
0.0073299999999998696,14.348991331065156,14.348991328461125,253.15489470819682
0.0073399999999998692,12.295291056393445,12.295291014652321,253.56763928512413
0.0073499999999998688,10.23814565286481,10.238145648600039,253.87725153994725
0.0073599999999998684,8.1789322873893013,8.1789322905478912,254.08369679555167
0.007369999999999868,6.1190272123252134,6.1190272049316263,254.18700921056382
0.0073799999999998676,4.0598048495004022,4.0598048087758798,254.18729164195682
0.0073899999999998672,2.0026368769791905,2.0026368474646006,254.08471546208568
0.0073999999999998668,-0.051108680820872054,-0.051108713705616537,253.87952033035049
0.0074099999999998663,-2.100068359061392,-2.1000683716465574,253.57201391971546
0.0074199999999998659,-4.1428841538672803,-4.1428841655033466,253.16257159834026
0.0074299999999998655,-6.1782044185693152,-6.1782044156188931,252.6516360666119
0.0074399999999998651,-8.2046847542161903,-8.2046847467154294,252.03971694989286
0.0074499999999998647,-10.220988893771906,-10.220988912124085,251.32739034733041
0.0074599999999998643,-12.225789579419569,-12.22578958959275,250.5152983371016
0.0074699999999998639,-14.217769432398194,-14.217769461311036,249.60414843849597
0.0074799999999998635,-16.195621814805065,-16.195621839187879,248.59471303126645
0.0074899999999998631,-18.15805168280248,-18.158051688033083,247.48782873270713
0.0074999999999998627,-20.103776430674412,-20.103776449786892,246.28439573294304
0.0075099999999998623,-18.757710849428765,-18.757710849359732,246.03829474694032
0.0075199999999998619,-17.41254239397373,-17.412542393957509,245.79243967865048
0.0075299999999998615,-16.068046409132759,-16.068046409078995,245.54676889504211
0.007539999999999861,-14.724446653332356,-14.724446653291423,245.30134366062151
0.0075499999999998606,-13.381742529154229,-13.38174252907276,245.0561637299611
0.0075599999999998602,-12.039933439578322,-12.039933439567108,244.8112288578784
0.0075699999999998598,-10.699018787982546,-10.699018788029591,244.5665387994363
0.0075799999999998594,-9.3589979781425132,-9.3589979781594224,244.32209330994226
0.007589999999999859,-8.0198704142312778,-8.0198704141554167,244.07789214494849
0.0075999999999998586,-6.6816355008190662,-6.6816355007714989,243.83393506025129
0.0076099999999998582,-5.3442926428730093,-5.3442926428171056,243.59022181189118
0.0076199999999998578,-4.0078412457568842,-4.0078412457400514,243.34675215615255
0.0076299999999998574,-2.6722807152308476,-2.6722807152101957,243.10352584956325
0.007639999999999857,-1.33761045745117,-1.3376104574386316,242.86054264889475
0.0076499999999998566,-0.0038298789699734437,-0.0038298789699527103,242.61780231116131
0.0076599999999998562,1.3290616132650332,1.3290616132505262,242.3753045936202
0.0076699999999998558,2.6610646119108177,2.6610646119140657,242.13304925377139
0.0076799999999998553,3.9921797092292874,3.9921797092279387,241.89103604935713
0.0076899999999998549,5.3224074970875543,5.3224074971214286,241.64926473836184
0.0076999999999998545,6.6517485669581955,6.6517485668993181,241.40773507901184
0.0077099999999998541,7.9802035099195194,7.980203509894146,241.16644682977508
0.0077199999999998537,9.3077729166558267,9.3077729166335388,240.92539974936088
0.0077299999999998533,10.634457377457672,10.634457377367568,240.68459359671985
0.0077399999999998529,11.960257482222126,11.96025748217977,240.44402813104344
0.0077499999999998525,13.285173820453043,13.285173820376528,240.20370311176376
0.0077599999999998521,11.40426164860579,11.404261613279232,240.55696170900785
0.0077699999999998517,9.5208391359172762,9.5208391144296911,240.8157941794062
0.0077799999999998513,7.6363214480968304,7.6363214418506686,241.00381223478533
0.0077899999999998509,5.7511828962833684,5.7511828686074296,241.0974480565591
0.0077999999999998505,3.8666812733225702,3.8666812542942353,241.09679638166679
0.00780999999999985,1.9840718530238917,1.9840718152863701,241.00201464762623
0.0078199999999998496,0.10460655750595416,0.10460652788424341,240.81332278316941
0.0078299999999998492,-1.770466871837113,-1.7704668664464407,240.53100295756616
0.0078399999999998488,-3.6399056992017087,-3.6399057137259661,240.15539928887074
0.0078499999999998484,-5.5024730145302083,-5.5024730158947932,239.68691751135606
0.007859999999999848,-7.3569385484168972,-7.3569385676819365,239.12602460242374
0.0078699999999998476,-9.2020794812298643,-9.2020794966174435,238.4732483693067
0.0078799999999998472,-11.036681245919064,-11.036681257792225,237.72917699590658
0.0078899999999998468,-12.859538323985863,-12.85953831597908,236.89445855013494
0.0078999999999998464,-14.669455034094801,-14.669455055127401,235.9698004521519
0.007909999999999846,-16.465246312814095,-16.465246318375648,234.95596890392196
0.0079199999999998456,-18.245738486977483,-18.245738516498022,233.85378828053248
0.0079299999999998452,-20.009770037166454,-20.009770054230103,232.66414048374281
0.0079399999999998448,-21.756192351818672,-21.756192353450388,231.38796425825933
0.0079499999999998443,-23.483870471475456,-23.483870478457902,230.02625447125314
0.0079599999999998439,-25.191683822688564,-25.191683846514934,228.5800613556633
0.0079699999999998435,-26.878526941114245,-26.878526966811478,227.05048971784865
0.0079799999999998431,-28.543310183330497,-28.543310207851391,225.43869811017754
0.0079899999999998427,-30.184960426921752,-30.18496045115171,223.74589796916399
0.0079999999999998423,-31.802421758383801,-31.802421773363676,221.97335271978346
0.0080099999999998419,-30.448559263982236,-30.448559263707153,221.75154467218766
0.0080199999999998415,-29.095599091857974,-29.095599091588653,221.52995826745749
0.0080299999999998411,-27.743315285548015,-27.743315285544412,221.30853795643563
0.0080399999999998407,-26.391932899571007,-26.391932899549886,221.0873389561319
0.0080499999999998403,-25.041451333048187,-25.041451332974418,220.86636104534506
0.0080599999999998399,-23.691869985501334,-23.691869985409397,220.64560400309509
0.0080699999999998395,-22.343188256852507,-22.343188256668256,220.42506760862273
0.008079999999999839,-20.995405547423765,-20.995405547452606,220.20475164138941
0.0080899999999998386,-19.64852125793691,-19.648521257797924,219.98465588107712
0.0080999999999998382,-18.302534789513214,-18.302534789405023,219.76478010758782
0.0081099999999998378,-16.957445543673156,-16.957445543530625,219.54512410104351
0.0081199999999998374,-15.61325292233616,-15.613252922319631,219.32568764178615
0.008129999999999837,-14.269956327820324,-14.269956327805922,219.10647051037688
0.0081399999999998366,-12.927555162842154,-12.92755516280053,218.88747248759665
0.0081499999999998362,-11.586048830516301,-11.586048830558582,218.66869335444528
0.0081599999999998358,-10.245436734355295,-10.245436734224178,218.45013289214137
0.0081699999999998354,-8.9057182782692781,-8.9057182782736888,218.23179088212243
0.008179999999999835,-7.566892866565742,-7.5668928665173496,218.01366710604415
0.0081899999999998346,-6.2289599039492591,-6.2289599039311305,217.79576134578073
0.0081999999999998342,-4.8919187955212227,-4.8919187955187571,217.57807338342417
0.0082099999999998338,-3.5557689467795792,-3.5557689467835552,217.36060300128437
0.0082199999999998333,-2.2205097636185656,-2.2205097636174287,217.14334998188883
0.0082299999999998329,-0.88614065232844341,-0.88614065232861527,216.92631410798239
0.0082399999999998325,0.44733898040476339,0.44733898040341669,216.70949516252708
0.0082499999999998321,1.7799297274995334,1.7799297274828652,216.49289292870179
0.0082599999999998317,0.22807177555739533,0.22807174104855221,216.3073233846109
0.0082699999999998313,-1.3195070387981547,-1.3195070778238005,216.04456169067689
0.0082799999999998309,-2.8632369468143208,-2.863236971961669,215.72410772040155
0.0082899999999998305,-4.4011554769994774,-4.4011554791723029,215.32697133607005
0.0082999999999998301,-5.9322470271823242,-5.9322470633560442,214.8535449831864
0.0083099999999998297,-7.4555022376440538,-7.4555022706590535,214.30427131375143
0.0083199999999998293,-8.9699186536301845,-8.9699186673897202,213.67964280755962
0.0083299999999998289,-10.474501382155898,-10.474501380031143,212.98020136090801
0.0083399999999998285,-11.968263742676516,-11.968263777362154,212.2065378430467
0.008349999999999828,-13.450227911199553,-13.450227925204672,211.35929162071818
0.0083599999999998276,-14.919425557419855,-14.919425552761822,210.4391500511573
0.0083699999999998272,-16.37489847446469,-16.374898507365288,209.44684794394166
0.0083799999999998268,-17.815699200841259,-17.815699209222657,208.38316699210273
0.0083899999999998264,-19.240891634184976,-19.240891646177261,207.24893517292955
0.008399999999999826,-20.64955163641303,-20.649551657925258,206.04502611891331
0.0084099999999998256,-22.040767629894066,-22.040767646558379,204.77235845930301
0.0084199999999998252,-23.413641184251528,-23.413641201841529,203.43189513275931
0.0084299999999998248,-24.767287593425046,-24.767287612803557,202.02464267161355
0.0084399999999998244,-26.100836442621393,-26.100836464593158,200.55165045825609
0.008449999999999824,-27.413432164793861,-27.413432178491348,199.01400995419635
0.0084599999999998236,-28.704234586296511,-28.704234608767365,197.41285390235333
0.0084699999999998232,-29.972419461367579,-29.972419469004308,195.74935550315422
0.0084799999999998227,-31.217178995104273,-31.217179014220164,194.02472756503249
0.0084899999999998223,-32.437722354599508,-32.437722353506615,192.2402216299358
0.0084999999999998219,-33.633276167919526,-33.633276160571768,190.39712707446748
0.0085099999999998215,-32.278193445667917,-32.278193445645087,190.20687173747837
0.0085199999999998211,-30.924013858951071,-30.924013858957267,190.01680651414182
0.0085299999999998207,-29.570511247652835,-29.570511247634101,189.82688375729725
0.0085399999999998203,-28.217910869132091,-28.217910869043905,189.63715082920652
0.0085499999999998199,-26.866212121968513,-26.866212121667843,189.44760754013481
0.0085599999999998195,-25.515414405142671,-25.515414405097303,189.25825370053693
0.0085699999999998191,-24.165517118035773,-24.165517118035496,189.06908912105717
0.0085799999999998187,-22.816519660429393,-22.816519660295853,188.88011361252916
0.0085899999999998183,-21.468421432505206,-21.468421432579987,188.69132698597539
0.0085999999999998179,-20.121221834844725,-20.121221834701331,188.50272905260746
0.0086099999999998175,-18.774920268429021,-18.774920268360695,188.31431962382555
0.008619999999999817,-17.429516134638469,-17.42951613459276,188.1260985112184
0.0086299999999998166,-16.085008835252481,-16.085008835098336,187.93806552656307
0.0086399999999998162,-14.741397772449238,-14.741397772466414,187.75022048182467
0.0086499999999998158,-13.398682348805419,-13.398682348730873,187.56256318915641
0.0086599999999998154,-12.056861967295943,-12.056861967257859,187.37509346089897
0.008669999999999815,-10.715936031293701,-10.715936031302498,187.18781110958088
0.0086799999999998146,-9.3759039445692913,-9.3759039445640013,187.000715947918
0.0086899999999998142,-8.0367651112907499,-8.0367651112966954,186.81380778881322
0.0086999999999998138,-6.69851893602329,-6.6985189359769493,186.62708644535655
0.0087099999999998134,-5.3611648237290392,-5.3611648237472664,186.44055173082484
0.008719999999999813,-4.0247021797667699,-4.0247021797501503,186.25420345868153
0.0087299999999998126,-2.6891304098916362,-2.6891304098775048,186.06804144257657
0.0087399999999998122,-1.3544489202549119,-1.3544489202432786,185.88206549634603
0.0087499999999998117,-0.020657117403725445,-0.020657117403557676,185.69627543401219
0.0087599999999998113,-1.1604442482182296,-1.1604442704538087,185.46695932022701
0.0087699999999998109,-2.2958501714513786,-2.2958501801895181,185.18108755315328
0.0087799999999998105,-3.4275024566415166,-3.4275024631824635,184.85298581295629
0.0087899999999998101,-4.5536533591157173,-4.5536533832546411,184.46879514098256
0.0087999999999998097,-5.6735612722604882,-5.6735612758984644,184.02886506097161
0.0088099999999998093,-6.7864899863433132,-6.7864900188396859,183.53358167425705
0.0088199999999998089,-7.8917091703324997,-7.8917092025676538,182.98336734145872
0.0088299999999998085,-8.9884948489955949,-8.9884948692997568,182.37868034053179
0.0088399999999998081,-10.076129874966151,-10.076129882463647,181.72001450144009
0.0088499999999998077,-11.153904395472528,-11.15390438144459,181.00789881773662
0.0088599999999998073,-12.22111631342645,-12.221116321597947,180.24289703534856
0.0088699999999998069,-13.277071742573323,-13.277071758466263,179.42560721887858
0.0088799999999998065,-14.321085456410781,-14.321085473056883,178.55666129574948
0.008889999999999806,-15.35248133058653,-15.352481341324165,177.63672457853212
0.0088999999999998056,-16.370592778491442,-16.370592788916838,176.66649526581276
0.0089099999999998052,-17.374763179768827,-17.374763189081932,175.64670392196649
0.0089199999999998048,-18.364346301465993,-18.364346317412128,174.57811293622126
0.0089299999999998044,-19.338706711559592,-19.338706721327981,173.46151596140427
0.008939999999999804,-20.297220184591772,-20.29722020324698,172.29773733278199
0.0089499999999998036,-21.239274099159832,-21.239274104800643,171.08763146741222
0.0089599999999998032,-22.164267827007958,-22.164267846846997,169.83208224444186
0.0089699999999998028,-23.071613113475639,-23.071613100000832,168.53200236679552
0.0089799999999998024,-23.960734449063505,-23.96073446675473,167.1883327047106
0.008989999999999802,-24.831069431883687,-24.831069453057353,165.8020416215879
0.0089999999999998016,-25.682069120768222,-25.682069150434472,164.37412428263565
0.0090099999999998012,-24.332285719001007,-24.332285718964286,164.20987256892454
0.0090199999999998007,-22.983401920877434,-22.983401920750879,164.04578498460779
0.0090299999999998003,-21.635192450725455,-21.635192450686347,163.88182039481956
0.0090399999999997999,-20.287881684990257,-20.287881684843967,163.71801968846614
0.0090499999999997995,-18.941469024603485,-18.941469024591484,163.55438270174525
0.0090599999999997991,-17.595953870896118,-17.595953870852554,163.39090927101833
0.0090699999999997987,-16.251335625598202,-16.251335625550034,163.22759923281032
0.0090799999999997983,-14.907613690838586,-14.907613690828825,163.06445242380951
0.0090899999999997979,-13.564787469144653,-13.564787469055872,162.90146868086751
0.0090999999999997975,-12.222856363442055,-12.222856363375278,162.73864784099896
0.0091099999999997971,-10.881819777054453,-10.881819777042168,162.57598974138139
0.0091199999999997967,-9.5416771137032423,-9.5416771136447309,162.41349421935519
0.0091299999999997963,-8.2024277775072942,-8.2024277774928045,162.25116111242329
0.0091399999999997959,-6.8640711729826895,-6.8640711729517356,162.08899025825079
0.0091499999999997954,-5.5266067050424521,-5.5266067049974943,161.92698149466537
0.009159999999999795,-4.1900337789962858,-4.1900337789668729,161.76513465965664
0.0091699999999997946,-2.8543518005503099,-2.8543518005297308,161.60344959137612
0.0091799999999997942,-1.5195601758067951,-1.5195601758138944,161.44192612813723
0.0091899999999997938,-0.18565831126389898,-0.18565831126464427,161.28056410841489
0.0091999999999997934,1.1473543861845985,1.1473543861800772,161.11936337084549
0.009209999999999793,2.4794785092495575,2.4794785092457916,160.95832375422668
0.0092199999999997926,3.8107146502467431,3.81071465022087,160.79744509751734
0.0092299999999997922,5.141063401097087,5.1410634011039846,160.63672723983711
0.0092399999999997918,6.470525353326952,6.470525353297063,160.47617002046664
0.0092499999999997914,7.7991010980683946,7.7991010980493769,160.3157732788471
0.009259999999999791,6.9880710019559915,6.9880709929748264,160.51485248391722
0.0092699999999997906,6.1753360224436555,6.1753360114380484,160.67314605485168
0.0092799999999997902,5.3616629812329215,5.36166297138152,160.80083326897957
0.0092899999999997897,4.5471023952589933,4.547102378182899,160.88770736125977
0.0092999999999997893,3.7321987828004026,3.7321987633731624,160.93377837570674
0.0093099999999997889,2.9174959841139865,2.917495976362261,160.93908354166157
0.0093199999999997885,2.1035368000037304,2.1035367865351873,160.90368720370466
0.0093299999999997881,1.2908626316844225,1.290862599034881,160.82768073360816
0.0093399999999997877,0.48001312217804393,0.48001311370171607,160.71118242441759
0.0093499999999997873,-0.32847420052057891,-0.32847421493897855,160.5543373667609
0.0093599999999997869,-1.134064278273921,-1.1340642913637566,160.35731730750038
0.0093699999999997865,-1.9362248753944906,-1.9362248906418245,160.12032049084726
0.0093799999999997861,-2.7344269287688037,-2.734426942652135,159.84357148207695
0.0093899999999997857,-3.5281448952832988,-3.5281449015656108,159.52732097399056
0.0093999999999997853,-4.3168570963250712,-4.316857115327366,159.17184557627974
0.0094099999999997849,-5.1000460591326267,-5.100046081452092,158.77744758796482
0.0094199999999997844,-5.8771988547743277,-5.8771988733496983,158.3444547530853
0.009429999999999784,-6.6478074325348437,-6.6478074529641162,157.87321999983425
0.0094399999999997836,-7.411368950492645,-7.4113689549903938,157.36412116333707
0.0094499999999997832,-8.1673861020745075,-8.1673861132003367,156.81756069228791
0.0094599999999997828,-8.9153674383760233,-8.9153674593944743,156.23396533966499
0.0094699999999997824,-9.6548276860402868,-9.6548276928842824,155.61378583775834
0.009479999999999782,-10.385288060490232,-10.385288078396115,154.95749655775231
0.0094899999999997816,-11.106276574313533,-11.106276588179753,154.26559515411586
0.0094999999999997812,-11.817328340602559,-11.817328356755752,153.53860219406272
0.0095099999999997808,-10.476785511291205,-10.476785511248643,153.38517793315094
0.0095199999999997804,-9.1371361269667446,-9.1371361269354523,153.23190698224406
0.00952999999999978,-7.7981564541869295,-7.7981564541307336,153.07875091808143
0.0095399999999997796,-6.4600693333232284,-6.460069333302787,152.92574793417765
0.0095499999999997792,-5.1228741694084885,-5.1228741694275826,152.77289787752841
0.0095599999999997787,-3.7865703678721565,-3.7865703678696683,152.62020059528211
0.0095699999999997783,-2.4511573345400155,-2.4511573345348259,152.46765593473992
0.0095799999999997779,-1.1166344756339197,-1.1166344756272095,152.31526374335562
0.0095899999999997775,0.21699880222846935,0.21699880222922352,152.16302386873556
0.0095999999999997771,1.549743092033947,1.5497430920358157,152.01093615863834
0.0096099999999997767,2.8815989863740286,2.881598986370637,151.85900046097481
0.0096199999999997763,4.2125670774452137,4.2125670774439961,151.70721662380782
0.0096299999999997759,5.5426479570492484,5.5426479570463982,151.55558449535198
0.0096399999999997755,6.8718422165933895,6.8718422165936488,151.40410392397357
0.0096499999999997751,8.2001504470906674,8.2001504470574638,151.25277475819064
0.0096599999999997747,9.527573239160148,9.5275732391320034,151.10159684667255
0.0096699999999997743,10.854111183027193,10.854111182956316,150.95057003823985
0.0096799999999997739,12.179764868523732,12.179764868447407,150.79969418186425
0.0096899999999997734,13.504534885088512,13.504534885022679,150.64896912666845
0.009699999999999773,14.828421821767368,14.828421821655446,150.49839472192585
0.0097099999999997726,16.151426267213481,16.151426267208002,150.34797081706054
0.0097199999999997722,17.473548809687639,17.473548809543438,150.19769726164716
0.0097299999999997718,18.794790037058505,18.794790036968934,150.04757390541067
0.0097399999999997714,20.115150536802872,20.11515053679247,149.89760059822635
0.009749999999999771,21.434630896005928,21.434630895766915,149.74777719011928
0.0097599999999997706,20.74839146674195,20.748391449387782,150.64338785360937
0.0097699999999997702,20.051029305008488,20.051029309797741,151.50339898424019
0.0097799999999997698,19.345628904527672,19.345628885503174,152.33639481358804
0.0097899999999997694,18.629838025032445,18.629838024253331,153.1330460335019
0.009799999999999769,17.904151162166958,17.904151150105463,153.8928820624977
0.0098099999999997686,17.169068585486794,17.169068570410673,154.61545764614181
0.0098199999999997682,16.4250959953315,16.425095964223146,155.30035311171338
0.0098299999999997677,15.672744176647944,15.672744154926477,155.94717460538916
0.0098399999999997673,14.912528650000381,14.912528627064603,156.55555431182003
0.0098499999999997669,14.144969320004549,14.144969327389845,157.12515065598316
0.0098599999999997665,13.37059012142449,13.370590124850423,157.6556484872047
0.0098699999999997661,12.589918663171902,12.589918668481914,158.1467592452596
0.0098799999999997657,11.803485870448853,11.803485875816477,158.59822110846792
0.0098899999999997653,11.011825625275522,11.011825620244053,159.00979912371881
0.0098999999999997649,10.215474405645306,10.215474389951851,159.38128531836585
0.0099099999999997645,9.4149709235501362,9.4149709184421226,159.71249879394861
0.0099199999999997641,8.610855762119213,8.6108557582065259,160.00328580170913
0.0099299999999997637,7.8036710121145303,7.8036709965090267,160.25351979988267
0.0099399999999997633,6.9939599080265973,6.9939599143253872,160.46310149275507
0.0099499999999997629,6.1822664640136393,6.1822664463306864,160.63195885149108
0.0099599999999997624,5.3691351099272318,5.3691350956341921,160.76004711675006
0.009969999999999762,4.5551103276668776,4.555110308501753,160.84734878311767
0.0099799999999997616,3.7407362881054156,3.7407362754038331,160.8938735653943
0.0099899999999997612,2.9265564888263502,2.9265564762681606,160.89965834679256
0.0099999999999997608,2.1131133929132657,2.1131133962626336,160.8647671091089
